<?xml version="1.0" encoding="UTF-8"?>
<metadata xml:lang="en"><Esri><CreaDate>20121218</CreaDate><CreaTime>12250100</CreaTime><ArcGISFormat>1.0</ArcGISFormat><ArcGISstyle>ISO 19139 Metadata Implementation Specification</ArcGISstyle><SyncOnce>TRUE</SyncOnce><DataProperties><lineage><Process ToolSource="C:\Program Files\ArcGIS\Desktop10.0\ArcToolbox\Toolboxes\Data Management Tools.tbx\AddIndex" Date="20121218" Time="122501">AddIndex Q:\Teams\GIS&amp;I\GIS\Processing\OrdnanceSurvey\BoundaryLine_Free_2012_10\ESRI\London\London_Ward.shp GSS_CODE # UNIQUE ASCENDING</Process><Process ToolSource="C:\Program Files\ArcGIS\Desktop10.0\ArcToolbox\Toolboxes\Data Management Tools.tbx\AddIndex" Date="20121218" Time="122501">AddIndex Q:\Teams\GIS&amp;I\GIS\Processing\OrdnanceSurvey\BoundaryLine_Free_2012_10\ESRI\London\London_Ward.shp LB_GSS_CD # NON_UNIQUE ASCENDING</Process><Process ToolSource="C:\Program Files\ArcGIS\Desktop10.0\ArcToolbox\Toolboxes\Data Management Tools.tbx\AddIndex" Date="20121218" Time="122501">AddIndex Q:\Teams\GIS&amp;I\GIS\Processing\OrdnanceSurvey\BoundaryLine_Free_2012_10\ESRI\London\London_Ward.shp BOROUGH # NON_UNIQUE ASCENDING</Process><Process ToolSource="C:\Program Files\ArcGIS\Desktop10.0\ArcToolbox\Toolboxes\Data Management Tools.tbx\AddSpatialIndex" Date="20121218" Time="122508">AddSpatialIndex Q:\Teams\GIS&amp;I\GIS\Processing\OrdnanceSurvey\BoundaryLine_Free_2012_10\ESRI\London\London_Ward.shp 0 0 0</Process></lineage></DataProperties></Esri></metadata>
